baidu_raw.csv,search_engine.db,baidu
cnindex_szsc.csv,cnindex.com.cn.db,szsc
cnindex_szzb.csv,cnindex.com.cn.db,szzb
cnindex_zxb.csv,cnindex.com.cn.db,zxb
cnindex_cyb.csv,cnindex.com.cn.db,cyb
cnindex_hsls.csv,cnindex.com.cn.db,hsls
csindex_hy_jtsyl.csv,csindex.com.cn.db,hy_jtsyl
csindex_hy_gdsyl.csv,csindex.com.cn.db,hy_gdsyl
csindex_hy_sjl.csv,csindex.com.cn.db,hy_sjl
csindex_hy_gxl.csv,csindex.com.cn.db,hy_gxl
csindex_bk_jtsyl.csv,csindex.com.cn.db,bk_jtsyl
csindex_bk_gdsyl.csv,csindex.com.cn.db,bk_gdsyl
csindex_bk_sjl.csv,csindex.com.cn.db,bk_sjl
csindex_bk_gxl.csv,csindex.com.cn.db,bk_gxl
szse_szsc.csv,szse.cn.db,szsc
szse_szzb.csv,szse.cn.db,szzb
szse_zxb.csv,szse.cn.db,zxb
szse_cyb.csv,szse.cn.db,cyb
sse_szzs.csv,sse.com.cn.db,szzs
sse_shsc.csv,sse.com.cn.db,shsc
sse_shag.csv,sse.com.cn.db,shag
sse_shbg.csv,sse.com.cn.db,shbg
